ID,price
0,21625.986147523574
1,13130.70829598228
2,33844.45821800639
3,37601.14766902834
4,21655.763849912168
5,19353.82282112294
6,40423.34347529097
7,32582.09213548107
8,28970.231167722075
9,21418.454324405262
10,17998.77976599892
11,26228.566119547846
12,23250.72773439234
13,32094.689415587483
14,25612.27855405624
15,22426.230794910767
16,20444.899045071776
17,28813.240647589508
18,27085.92157784981
19,5008.48943784861
20,25884.36047972249
21,43173.89957463641
22,25945.104380011093
23,23310.101758870078
24,10512.752846866173
25,19624.338837224765
26,33787.439467621334
27,22611.80806189467
28,39478.14664991276
29,43921.932848217635
30,32944.14397266209
31,15367.680246419912
32,22415.553618555194
33,29809.986947399448
34,44038.863305303144
35,21553.633677230097
36,34624.41617466758
37,25655.208761609432
38,24313.226600799542
39,11147.558795361816
40,22887.144705225255
41,17916.93963557761
42,22429.831426023906
43,13231.04086644715
44,16828.532244885122
45,-8764.837347397668
46,4113.20016636105
47,14780.237488214341
48,12440.811440252146
49,40499.48683458278
50,11805.554533603168
51,43382.10390810604
52,30586.391200112525
53,50437.7722546644
54,48532.922824837304
55,14404.546905841416
56,28071.67695252406
57,37323.44674370325
58,27044.291671440416
59,26036.38972213667
60,21024.019327372174
61,22932.935761698354
62,23649.32534563706
63,39202.196270455424
64,42412.0260018127
65,11405.83112689061
66,21516.82131509816
67,20194.072282555215
68,12470.683281928654
69,8444.317125127727
70,23773.843178145355
71,16350.252895296368
72,25188.225419761242
73,19945.886056626612
74,14460.143437722516
75,20499.374257104864
76,15533.898506101485
77,22880.577707620665
78,20001.0229975281
79,45434.37996054154
80,42736.104057613
81,32711.505386489727
82,14063.6975643064
83,17987.142698658507
84,14914.99098853024
85,25281.80308742328
86,47971.570252872094
87,20379.239086234567
88,26883.3795064421
89,28132.366959272586
90,23233.171463252744
91,22606.80596205433
92,9747.16927192207
93,24916.15388628222
94,16476.861094431024
95,29623.0306335625
96,23610.67260261311
97,50396.44456888603
98,70493.83847662527
99,15051.705266581737
100,21300.65558522498
101,49373.790943488086
102,21030.422577138488
103,24201.493874457723
104,27524.390317830806
105,29095.6688467579
106,52867.523388023925
107,21477.237971919
108,23943.8245870338
109,7285.951425680723
110,40975.46930146854
111,19947.771587393567
112,20139.4878084936
113,32661.830479024484
114,22245.831041237998
115,31790.68474361248
116,31454.327959983624
117,27676.545983426113
118,29198.62915373303
119,16480.702197592207
120,23252.881818002912
121,25196.73689561101
122,24869.127295632763
123,12341.383734329873
124,30460.61343781026
125,24598.38602192141
126,18981.376088898498
127,31759.828437169443
128,24924.99009280552
129,37521.587442522454
130,19352.5187443422
131,23796.84506471258
132,26064.679889726693
133,28269.39363013379
134,17232.71546817771
135,2307.4660175734534
136,19661.219574434002
137,18182.374773649804
138,22235.63904822264
139,28528.87465250894
140,24553.749550766755
141,24749.478217985306
142,12087.744026062821
143,12764.645110960577
144,25046.340567149564
145,13797.111317491348
146,25227.936061833363
147,38235.12041785447
148,24947.599909644206
149,25009.961423710978
150,44815.96562427764
151,25331.79557073182
152,23656.351297352234
153,21252.404603430077
154,21096.86237263021
155,19280.030235644663
156,15763.875847299068
157,29746.268479082963
158,32233.20918998999
159,30512.485097828412
160,7432.289006659885
161,25169.96153397129
162,20808.237745180028
163,17988.689863339136
164,26981.36459620606
165,25117.320271108496
166,11717.19279204977
167,14585.935170802979
168,32256.95029861328
169,27049.72334612979
170,21348.593348568113
171,26669.221289333
172,25386.131573544528
173,26902.35339326653
174,16653.420043652244
175,14289.019878588748
176,24016.76354643753
177,26347.06026482238
178,23321.290101164173
179,13232.34868642933
180,20569.38471602227
181,11749.95934904231
182,47242.65720736167
183,7154.309002503975
184,24604.8731871883
185,24458.94199333165
186,26430.9321600604
187,17053.434110048074
188,25078.55434892579
189,20118.889644000992
190,31682.76587714545
191,26647.787128323755
192,35194.501932066945
193,39160.22542053698
194,14912.031755002623
195,42836.462556912
196,22103.29026198316
197,4515.768344278444
198,21228.175983264835
199,-4532.550068447985
200,34007.39886968541
201,36009.86603023576
202,18587.689576282417
203,20331.754327826035
204,27123.754973595987
205,24009.13288870411
206,18931.230671382127
207,49822.97515641276
208,20485.35071759904
209,13239.776990253122
210,26969.610383187213
211,25171.858699163404
212,24653.443743269105
213,38477.044257889625
214,19599.32715601715
215,28355.51950598298
216,21563.732530083857
217,17024.34210286072
218,25649.121042272054
219,31493.268065614942
220,26916.430526775046
221,26036.973140458704
222,21442.49631388673
223,19164.6385284637
224,18017.997140332987
225,47846.14327335918
226,21244.891216746924
227,27150.775448356857
228,22229.057225464945
229,15496.942395184511
230,27133.154439550563
231,31459.11024411132
232,20595.894139603344
233,13001.132990033715
234,29745.369881809405
235,18861.53950513772
236,20941.26199317044
237,21264.823997824533
238,103782.67898317619
239,25165.56851824851
240,21313.28266133747
241,39761.368838425944
242,19577.382807119255
243,37651.665784489865
244,24847.35752065882
245,21679.838889712286
246,14908.575758674222
247,45411.422419328344
248,26561.160213102943
249,18408.502623087144
250,25996.42888850163
251,27890.934411754257
252,39944.182429122404
253,12521.807673794938
254,37607.85278078387
255,44424.575667074576
256,19090.72611002616
257,44445.70810068892
258,26968.50156348576
259,19785.688320506382
260,25497.89885280827
261,23989.547548556984
262,11194.394294255086
263,19427.928420059616
264,42363.98706772234
265,28342.93914415319
266,21836.032331381928
267,12301.495124662768
268,22955.961505238767
269,25645.37688696557
270,16018.007371727408
271,28112.440744643507
272,21106.969519659244
273,20922.141605674933
274,3278.344314898317
275,15472.584257746998
276,25923.492743131297
277,25230.117755732314
278,10172.509744660052
279,26290.613048904408
280,25388.17815987652
281,42545.379079727194
282,22940.788430515073
283,16008.66501332642
284,19807.58576813723
285,19787.232306362406
286,26666.931330343145
287,25532.420505234873
288,19903.525830771956
289,25249.569512825332
290,11081.135364904396
291,19019.516043278738
292,32816.87503282827
293,30461.708109060106
294,23483.28103772596
295,26275.293575728654
296,25897.761628044143
297,48331.53556729193
298,18236.736183110013
299,38456.06100097904
300,5991.2709562311975
301,22815.542507308743
302,21117.249664091032
303,27288.726577216745
304,28938.93454167521
305,31589.36335304291
306,26045.990191567216
307,33702.24951735368
308,20593.35869906151
309,30962.26860828067
310,27587.66438339521
311,20350.82919100093
312,25766.63737825605
313,36797.980413066456
314,24958.83725677615
315,18631.286287142364
316,9006.493911727004
317,29196.892562515928
318,20524.69622029169
319,52459.22306667395
320,27053.119473412327
321,7986.494947594987
322,28919.428968367785
323,12247.795485204071
324,29125.254781902924
325,16752.31535497872
326,55086.43412469351
327,18404.483330930452
328,15574.066176637278
329,18268.243388636616
330,27012.275443289065
331,26168.757504128025
332,37548.67956267754
333,26710.292761533557
334,29923.819680254266
335,29483.34344234147
336,49748.29831996071
337,42545.9298466327
338,22127.27725432423
339,16495.89791421757
340,28471.940397294846
341,16765.399441604262
342,20491.300373856713
343,31262.507526679823
344,21513.56837788735
345,23473.862593088463
346,33768.54368319185
347,21795.065112929893
348,7811.838777219902
349,29171.335737388115
350,52864.36956750766
351,21942.43865217953
352,39074.29503474202
353,25119.083713126147
354,33192.32100181924
355,10545.560978555717
356,74213.66861738825
357,24121.53129253132
358,18769.776653557834
359,21669.58042591728
360,34106.26198720123
361,13439.486016836436
362,49906.31313320935
363,56290.16721206988
364,16940.569431952095
365,30023.636541400938
366,20301.435706334836
367,31435.840360794435
368,21097.699688716595
369,29300.469761291628
370,18162.043677194786
371,28967.33832121588
372,10377.41808447396
373,-182.7063878757799
374,19332.293049884036
375,21901.904187597574
376,32237.19966701194
377,22767.63215828612
378,16847.11312279551
379,23716.33163420128
380,24914.656224159626
381,24892.191292320713
382,34651.45767662596
383,26933.964486801673
384,25520.86376929509
385,34998.494798847954
386,28631.740055331768
387,23973.44545712506
388,24884.4163003433
389,30995.20870678462
390,22781.60441346307
391,21521.642354208125
392,42262.17117234465
393,42852.471514094694
394,5540.1692361328205
395,49491.29949972356
396,24877.78977086877
397,25319.270855488227
398,30961.22024479485
399,20863.377485142526
400,24521.46625545634
401,21230.976833853907
402,23571.59267503114
403,27420.79131408876
404,12350.131957460115
405,13815.393744264762
406,867.4056679517998
407,25666.089926571807
408,52516.714580482054
409,20446.635342805956
410,28891.523766984326
411,28157.322270133714
412,22971.829422860068
413,35577.04078636219
414,35170.97012832531
415,27052.578766042694
416,28294.26401456099
417,38219.5256832153
418,30931.5961253501
419,25945.600747262783
420,25770.62401577653
421,43623.93419141586
422,12356.231453226752
423,23318.596549638045
424,25675.873183396012
425,27112.519532857557
426,18046.238177149873
427,23984.907578453196
428,27307.9510846612
429,30383.527014393483
430,42952.21670190334
431,24619.399912612575
432,26646.381753916412
433,19517.338848778487
434,28200.604705476686
435,6505.852028018206
436,30075.13371587144
437,15873.549678194318
438,16424.78066573953
439,40343.860138726435
440,15473.47916172807
441,15454.026539427696
442,25171.409400526623
443,9969.341780786628
444,28188.519875513706
445,67759.82634453897
446,20470.70807918263
447,19789.625957306565
448,14967.514736165213
449,28556.529600988317
450,16435.414082994877
451,7951.695041170562
452,29847.56615145306
453,13522.508541921597
454,34197.537178712024
455,37812.924314661745
456,35809.89957376507
457,26953.77709262588
458,17788.23349491726
459,11374.732620563773
460,22473.063197383082
461,50236.78599781227
462,22381.266233163908
463,25193.47673236424
464,25027.879480627736
465,36487.89779794253
466,30922.218181421074
467,25688.102832821594
468,28628.918482298228
469,21362.009285177657
470,17957.78763061179
471,19328.257371936066
472,21175.0401688432
473,24190.48523319845
474,20671.473210078693
475,17183.33406960096
476,20375.14932779955
477,44246.84796453611
478,26171.163666643137
479,15338.461213465553
480,12737.1432776006
481,51412.77680675109
482,50369.17932944959
483,20952.622190292277
484,46050.222808138
485,24952.846608285774
486,24805.64582049555
487,25693.75137352536
488,53122.60671244738
489,9579.381759200805
490,30751.035400808567
491,23618.702205038797
492,13625.778222478213
493,23045.759699428094
494,8994.07962970106
495,20205.601602786817
496,39438.7715267753
497,67839.20243703647
498,23068.62484044925
499,22679.244039866742
500,18.948808429577184
501,31598.344293986556
502,18648.24031449642
503,37732.94193581662
504,30690.101953868223
505,24953.59543934707
506,21778.384028961053
507,7085.559745495288
508,16375.268527252323
509,31584.031077109394
510,26956.926139579897
511,26333.808882712983
512,21489.321831905017
513,37016.159953499206
514,38611.069030667524
515,49839.899628841944
516,39655.4648106471
517,21933.449093057592
518,14348.606440837808
519,5046.6795651444445
520,27051.232968868593
521,21565.092217842266
522,37333.615281873026
523,22263.540245564705
524,24959.49021017956
525,25827.286330021718
526,28924.971846305874
527,32211.981501102906
528,60528.11366730594
529,44639.65534556486
530,19194.513824718684
531,23411.40851648499
532,22078.57246178439
533,29798.36496610402
534,27896.931611710897
535,14377.457778989869
536,16249.83496465703
537,27488.53198036614
538,12818.823613380693
539,22764.179033864122
540,23949.66833954983
541,19619.703225004043
542,1012.0253280353681
543,28088.033298553906
544,17329.64306945698
545,26739.137178238532
546,32948.192828356834
547,43249.80216566278
548,25551.06983041328
549,34741.93586769142
550,9053.922669651805
551,25664.957963139135
552,52864.36956750766
553,16342.088185090508
554,29158.96401545552
555,33803.50200329413
556,25483.52129643137
557,15532.774730251715
558,19124.46729837155
559,46383.40801657211
560,21369.33464635924
561,30511.708993618027
562,37917.54678108598
563,27283.688958275176
564,23882.641608557435
565,17079.8008397693
566,17300.898264364627
567,21742.877747356575
568,25657.999824157454
569,20848.277413582353
570,12339.385742948522
571,31349.522586446412
572,20979.219831045833
573,22004.01751155503
574,19721.984734183025
575,31325.05752352294
576,43089.1248595993
577,57893.368108395734
578,21507.8697329111
579,16018.627441537114
580,28133.416213202276
581,24563.632732878305
582,31870.510880064463
583,27917.82615743628
584,20210.234861200443
585,32843.21923601309
586,22489.64459013581
587,48171.53695465534
588,24752.237519580474
589,24428.640900302795
590,28339.04147030068
591,13698.38800975727
592,15935.606740448457
593,11375.840415705075
594,25861.847753811184
595,27356.649503571523
596,25347.630343801582
597,22525.908649436125
598,33883.2751351866
599,31266.3809371932
600,21071.911241587306
601,20251.63827338955
602,20580.528299164176
603,18065.9803138402
604,26630.073701078996
605,18270.63975188134
606,16143.182863960925
607,18310.28841742581
608,6680.172357498908
609,15958.222328943497
610,23009.266077508604
611,31805.467213186024
612,37138.275446790874
613,10036.010090245058
614,21576.18539770424
615,28642.822755038964
616,28456.081284284635
617,9785.023187961364
618,28667.833712486285
619,21737.09666647452
620,23516.572999181688
621,35018.88854962827
622,13393.278078542575
623,30732.336025725377
624,19095.71031057009
625,19609.85960848923
626,17163.01310161667
627,24691.17077280703
628,23505.446437140352
629,21016.21208547391
630,25259.898055470618
631,35286.61618281813
632,24074.422581737566
633,13442.510720193728
634,22505.26447014245
635,20600.820467251047
636,24885.25818422264
637,28195.515551252647
638,30356.578470866363
639,27321.403273213116
640,26015.6576538016
641,44673.8853421586
642,27830.062266608395
643,30548.0568404109
644,46799.750492849154
645,48885.42392457638
646,5297.145455342579
647,28791.841026680948
648,24707.818631357644
649,13845.842830994123
650,15113.570389173825
651,26735.522641281048
652,36769.65803089613
653,21582.87565053874
654,21940.83656963104
655,31910.24639470178
656,28152.356978670352
657,24926.109350058254
658,21030.422577138488
659,24550.398156864216
660,21055.74988980452
661,18179.442515199593
662,21669.568201723778
663,-16360.614097060869
664,18217.155602618608
665,28925.432488016344
666,31683.886122283246
667,25006.35399587436
668,47142.723097601636
669,13864.941276657963
670,29075.970625892573
671,27392.49991603382
672,18006.260339806795
673,26785.442936099
674,17893.70681769401
675,11517.955610686626
676,18237.686832342148
677,14129.446865392423
678,16021.757631273444
679,47984.48600464529
680,21793.330771944056
681,37944.02882968101
682,7592.3671232039815
683,19317.16502991285
684,27497.95593511309
685,52900.58229211201
686,20896.375178699793
687,44512.38951202782
688,39235.54764586158
689,25258.573336061603
690,27882.418653043078
691,39607.716683326216
692,22193.332660543143
693,32267.399382119238
694,18865.22198495051
695,18066.982784438165
696,25091.202641904252
697,32157.57725279899
698,25860.200325476333
699,7141.664360390994
700,17104.678418520587
701,20810.193631989707
702,28381.25733981432
703,13865.269291678058
704,23590.65767080844
705,18760.09466984993
706,6441.647405286032
707,17741.035858421987
708,25327.91509233771
709,42322.13449650537
710,30750.30670964012
711,19323.465657154928
712,19476.912347331436
713,15732.381716978723
714,39869.05089508272
715,31137.68072035904
716,44899.649490047195
717,21317.98963702688
718,8220.591066746812
719,11332.087090157838
720,18784.619884599466
721,28188.600812672554
722,23865.12930648743
723,26976.2009869705
724,17936.046462895334
725,19822.696470879942
726,24691.544527261205
727,20195.854096585135
728,16898.331223624744
729,35128.146355840916
730,24730.94838011286
731,20550.14228205572
732,26482.0774328498
733,15488.724600456299
734,456.4337099701552
735,14919.71844095645
736,26347.06026482238
737,23084.930220005554
738,20658.806533818875
739,25940.11679269209
740,10092.383432003113
741,29694.94245342393
742,44742.894615447374
743,13058.678380140584
744,37274.83514245655
745,25221.432950028342
746,21775.414478087318
747,17896.735864166883
748,19431.963125041482
749,35948.19292528668
750,18197.99903478956
751,20541.0797059164
752,25526.37805019039
753,15604.82977070396
754,8882.043473219168
755,24154.773948229085
756,24881.108592613513
757,20415.426744274624
758,34810.358737389324
759,17458.683375770244
760,20591.075397191977
761,26324.014126571623
762,23660.40023454072
763,7720.851522828743
764,19916.707431362564
765,30765.13121742921
766,24954.49403662063
767,21933.26975088855
768,17299.982324150093
769,28964.669032220325
770,27482.85854517629
771,18211.40222366272
772,19825.62386094113
773,23276.10330052203
774,25297.828198442243
775,6742.498276924405
776,19726.336768132744
777,31737.831042829177
778,21873.673238981577
779,23870.277181404592
780,22507.893278403106
781,26114.298003846565
782,58756.157436670735
783,41558.37464027342
784,30698.039563117974
785,19082.6251136594
786,18132.165791502226
787,19796.605681606212
788,22365.68312821493
789,18782.6215821378
790,25465.047054212962
791,20994.115409766564
792,10692.300236012208
793,8103.580858509187
794,22721.877977012064
795,19527.605191236755
796,18573.387259926036
797,30814.686041018816
798,29552.372434774406
799,37262.25567107063
800,25454.387904505893
801,28295.700714958883
802,39238.83729839524
803,16010.232189227188
804,14658.757523334592
805,18287.562172557293
806,22913.67361409982
807,25161.524830517505
808,20972.77988391868
809,28370.29071441047
810,46649.38378141023
811,25075.36822097405
812,20686.016007278988
813,25640.494182535647
814,10826.071243289822
815,22394.587239282744
816,25054.575372159165
817,15517.182692539966
818,16887.785842682722
819,31859.270913066248
820,16035.7443084883
821,58783.13627846632
822,31412.939645445196
823,27884.807702930535
824,37629.39658869887
825,47708.72965991296
826,24944.868907987988
827,21037.689345666942
828,27457.248522879927
829,17549.481129220687
830,21268.54332572056
831,22643.781742300016
832,15876.747881907562
833,23063.411499151407
834,31619.316595494794
835,28650.658798049455
836,14479.353908851434
837,25542.305075243992
838,30475.91486888803
839,10604.553999955795
840,-3098.3765100264354
841,22868.810487480667
842,26079.22572073276
843,27277.575600027296
844,16083.610797889458
845,25056.153996207795
846,39849.589116125164
847,16779.262563250028
848,10871.44344635171
849,26973.053797776818
850,20800.15729007769
851,27273.2306137869
852,37466.138293656695
853,27450.853341526563
854,19456.11403453999
855,20615.71195671375
856,18971.153981365773
857,32084.698884207133
858,50468.67285262786
859,27624.826080777537
860,20127.330713795178
861,42612.25297019377
862,27275.121697270595
863,31746.40304893385
864,33256.35874143724
865,31940.16519559164
866,20904.09122732283
867,44637.17932327949
868,28659.639036495653
869,8872.87367840296
870,16338.23582761163
871,33257.12283420485
872,26909.599126062054
873,52856.460087177504
874,18428.58988989288
875,34917.40215033357
876,31492.391888400234
877,29554.736350328334
878,733.3670699741378
879,31753.23266946214
880,21201.061054072474
881,14936.218992949529
882,-2332.530382073797
883,31062.149800699513
884,8959.20520599018
885,30376.21356054485
886,37932.4436394227
887,27024.986128321005
888,26957.389586874528
889,19127.213506167256
890,42058.57774088049
891,33354.03364827458
892,22233.70598672946
893,23727.333156000554
894,25301.307392566665
895,-2728.6237508059494
896,25900.28145715579
897,19195.33628788005
898,33567.53559716976
899,40597.89998501853
900,23744.265502987277
901,21405.697094028896
902,27826.100238168718
903,37620.87906845932
904,13566.672423243028
905,24145.10550906294
906,22939.696223455307
907,22605.38401289162
908,20510.501174996414
909,31419.60651542704
910,29187.65936408052
911,22942.639809661752
912,15294.32580258481
913,17300.488442006208
914,49388.429510762115
915,27617.781755980697
916,6636.310288554785
917,40349.57085611111
918,-5848.144505387725
919,31120.457513029585
920,40821.72159990101
921,24503.319332849936
922,23783.69156191332
923,27919.87427185276
924,37550.25377721951
925,18869.80695242044
926,23835.436578274253
927,26054.881921251967
928,17069.256844290285
929,22034.37752930808
930,25462.963178301405
931,16735.564673262517
932,17012.45128082464
933,115436.69825034766
934,22822.599938535634
935,26923.282725979356
936,20097.99898447663
937,19440.923321060614
938,23003.652591233476
939,24973.781858649614
940,23558.046889073736
941,22416.729922962317
942,57949.98062707366
943,24009.355059337115
944,24557.205125308385
945,27624.35710539877
946,27541.46366602838
947,20645.450798504353
948,37722.920708471785
949,22419.656196451888
950,35890.08536045093
951,14663.47516922461
952,18503.8320926975
953,24373.574361899915
954,37149.091951607756
955,30080.073993889728
956,7120.320189453152
957,12587.714949003646
958,21925.359952876483
959,24946.25689494636
960,19674.965743063367
961,30103.53365166116
962,18411.237870614343
963,17649.432459645057
964,23370.079825228502
965,58548.05162316258
966,23156.58930568101
967,4114.333683209956
968,25635.14919137631
969,26321.5199310765
970,36164.855641111055
971,14000.33736228801
972,16291.257680375847
973,21290.34410849338
974,26285.56674513897
975,26388.297634483795
976,21882.947575656202
977,28866.147745739334
978,25640.925585516008
979,18710.756125444816
980,37403.768673941326
981,24753.027893128783
982,23275.118566482546
983,13518.111766353573
984,13371.364299747453
985,23454.540295171828
986,28443.370200246663
987,18275.22904192948
988,31769.830498456246
989,20330.830116050063
990,21184.026945589925
991,28624.239764004484
992,21033.88449852052
993,13454.899845376036
994,22426.378629776053
995,10628.950926071018
996,15334.530815282747
997,28158.876469286373
998,40258.22931219751
999,35143.50963648275
1000,19377.22454816893
1001,20397.878759665873
1002,36162.33597522865
1003,18433.05760629583
1004,11419.44432056549
1005,21769.986380411563
1006,22711.01963960819
1007,33802.28236267123
1008,23079.865932731904
1009,22427.685572192077
1010,26974.25248834333
1011,21726.900029547418
1012,23887.066434613473
1013,25647.77314636172
1014,44734.942103445304
1015,7100.763365635932
1016,22045.18177563767
1017,21974.116779085103
1018,22124.834751547613
1019,32757.446926606248
1020,34141.96820879748
1021,48888.995253587505
1022,-228.24182878699867
1023,40073.5032664849
1024,22185.592931377447
1025,41942.20850351106
1026,46073.06919743016
1027,16681.542396344626
1028,11714.877463955796
1029,28985.23039290247
1030,23032.10966428438
1031,24045.641273598016
1032,27653.12434979844
1033,29026.013825593276
1034,24781.39191505962
1035,46330.39581945063
1036,26649.046022316015
1037,29109.630677481255
1038,40515.16173363059
1039,34008.9968310064
1040,24719.494226085757
1041,11535.846257254263
1042,27204.255438100983
1043,45783.77534049131
1044,26106.506164068425
1045,21377.3579549569
1046,17885.36171993462
1047,27280.017698494135
1048,26853.938815658705
1049,27539.579990570033
1050,14371.907334903612
1051,16875.236494906458
1052,43686.69819496876
1053,24933.82629932883
1054,20082.271744513448
1055,22092.734268327655
1056,38813.34871482387
1057,24118.704242915293
1058,16767.668457135
1059,34842.70912968123
1060,31007.157025221397
1061,16406.95632920465
1062,54664.10690324304
1063,20488.71122653097
1064,20975.146336117403
1065,29026.313358017796
1066,32920.765476108085
1067,40790.012794603346
1068,17278.61688123112
1069,27329.167901035467
1070,23771.82104700424
1071,29626.494244570502
1072,31973.254158761403
1073,22652.3136687244
1074,14623.14836509055
1075,17121.539127127675
1076,20376.29017817568
1077,22323.276552756484
1078,20717.945623916337
1079,21203.855274587848
1080,20504.20302560676
1081,26615.771756768932
1082,10769.393488326743
1083,20577.773318363827
1084,34811.60693111581
1085,18416.372646809054
1086,-10809.31337651016
1087,32131.358491062503
1088,22967.134007957055
1089,21538.86403974185
1090,20054.877552754315
1091,21642.174744315424
1092,39297.561037178864
1093,20793.554322510914
1094,22133.394074658463
1095,17249.053851149816
1096,16638.481433282308
1097,17449.74329971203
1098,24570.29952315283
1099,58464.407922223036
1100,21165.44706614746
1101,9517.109212660689
1102,25019.256006141524
1103,26337.59785789637
1104,44241.627103015126
1105,22817.800781276812
1106,26886.921123627937
1107,31980.33787248305
1108,16897.26597397642
1109,21099.427484832162
1110,22881.289874490623
1111,14071.910177231512
1112,14892.911150635158
1113,62788.75585059581
1114,43211.31224911212
1115,28744.81354558762
1116,37356.51656052948
1117,25291.207626130228
1118,33440.43673484017
1119,35752.607931297905
1120,24536.376670144662
1121,18054.518458440663
1122,26009.115734534582
1123,26171.969332553374
1124,22657.02677002143
1125,27925.99444851542
1126,23983.854496667456
1127,31021.776322243095
1128,24584.511144723474
1129,11856.042746816027
1130,10237.336891498537
1131,10457.55271055951
1132,20108.90570606647
1133,27345.642184384003
1134,21774.971476301136
1135,36954.48610487754
1136,31065.81131965803
1137,31813.33562458152
1138,17618.437410005077
1139,4172.54300831454
1140,22278.727379973643
1141,42637.3126974592
1142,15081.09735146226
1143,23674.766105941373
1144,12389.21754100296
1145,20937.221275409895
1146,9949.125593745659
1147,32731.709191475613
1148,19046.99658264433
1149,27852.00550036684
1150,18934.749257583775
1151,22731.86074929094
1152,9025.226057989024
1153,17201.76866538523
1154,27139.490261880248
1155,28239.971513921402
1156,19344.22037371347
1157,18237.965337907863
1158,22459.38372959091
1159,27145.515314019347
1160,20479.210302896405
1161,34794.512327306766
1162,8660.87380728914
1163,11078.625012178563
1164,20650.46324858744
1165,26810.7374601762
1166,28947.527359194606
1167,30512.007635598675
1168,23826.935709593236
1169,35901.89253210954
1170,21371.157118084844
1171,26594.429342561256
1172,4830.48231873658
1173,12324.971564179326
1174,30664.427193885374
1175,30127.030423005686
1176,15290.600155695227
1177,21088.21318790674
1178,29399.683761794528
1179,15019.339240753503
1180,17301.978540495707
1181,25490.819693781657
1182,37336.759481886605
1183,25753.07826898399
1184,18839.303236581814
1185,27985.77145651157
1186,10794.024782444147
1187,31349.917824314132
1188,31615.84078083149
1189,25105.073952349776
1190,22661.977927887616
1191,23592.326157098876
1192,25564.451728105174
1193,14617.002175603462
1194,24020.138676387825
1195,13007.739761954861
1196,26794.085272863056
1197,13897.346390955994
1198,16615.003787867023
1199,12737.181628838538
1200,8303.071953430772
1201,19455.858098348373
1202,19337.54291149902
1203,37915.70450714708
1204,52052.4553416431
1205,26347.06026482238
1206,27195.849977648217
1207,28380.148924225246
1208,35110.60149372469
1209,34959.526775243576
1210,25808.218062005988
1211,28934.24251022637
1212,16291.624028495642
1213,22983.676214272113
1214,32178.553511035283
1215,27631.276861525366
1216,21168.89902102813
1217,12121.960212803322
1218,8369.583785210281
1219,25376.09723732315
1220,30011.35467478212
1221,25303.29482667287
1222,35404.02575346173
1223,26378.73874639081
1224,67947.81286821527
1225,23131.785148794606
1226,27642.33709572642
1227,47817.460820457156
1228,26713.613768216725
1229,15137.583172513476
1230,21017.95660745237
1231,15930.906863588676
1232,26872.562768086987
1233,22596.619006343048
1234,26899.84944041577
1235,28059.353461936553
1236,37042.776842165564
1237,14088.432153514423
1238,16309.314424665363
1239,17033.60280144928
1240,35040.999594712695
1241,17900.93136484795
1242,23440.46321786783
1243,28266.63166578845
1244,35663.28592368608
1245,29638.110681267637
1246,18582.67843431769
1247,25158.3824670124
1248,35536.005734646984
1249,24728.836314113803
1250,25163.471791276876
1251,27412.05195737638
1252,17784.17445685096
1253,24028.715927596277
1254,26962.467489433497
1255,26907.156334807238
1256,26198.391848030893
1257,25150.087819387547
1258,23840.7070691248
1259,37633.79291000656
1260,25390.569384385893
1261,23942.24688185614
1262,24676.898372858595
1263,11798.779137565842
1264,26196.772798495622
1265,21030.871875775265
1266,18111.949911183656
1267,26015.34275077161
1268,25804.99332344619
1269,38664.23603601962
1270,28852.633237700087
1271,31778.717218775993
1272,23430.878552071306
1273,23381.304617376976
1274,21919.060758141895
1275,11979.842160650907
1276,26199.66163853765
1277,39037.72014249881
1278,19998.159590105934
1279,28335.327427400985
1280,20374.740732826926
1281,27368.3339246565
1282,13392.911028436873
1283,38565.93681626984
1284,27182.69209893708
1285,16585.29518562526
1286,25230.567054369094
1287,17615.268264918544
1288,35788.56154187893
1289,25117.320271108496
1290,15435.514137651006
1291,28340.071002970886
1292,21074.47025159895
1293,25194.418618216332
1294,23798.431481595064
1295,7006.97178387221
1296,23272.316549755345
1297,22539.353644053626
1298,22387.463706594503
1299,27950.080414719476
1300,30759.665885602124
1301,39968.046211343935
1302,24688.78090118842
1303,25519.835739263257
1304,33505.25167779547
1305,31142.395914891647
1306,43148.589084764564
1307,28538.364103460717
1308,20603.212996119568
1309,40186.10581639364
1310,26224.075069003735
1311,23903.758548678088
1312,24858.30317959445
1313,35924.29078495734
1314,21924.638467796998
1315,19449.727712839223
1316,22552.56037470199
1317,27473.395625331177
1318,25498.121743443226
1319,20126.93542759184
1320,15501.368367781524
1321,35549.74183861516
1322,31892.841352197072
1323,26358.564237168815
1324,18475.994577128506
1325,21093.940749636546
1326,27578.092832022503
1327,37453.65599989429
1328,19779.428078966113
1329,31717.647045736176
1330,40804.88576570476
1331,41410.29617561397
1332,17243.204155077503
1333,10104.323080915958
1334,29399.384229370007
1335,20452.293662004548
1336,52289.24276974953
1337,15138.37456666398
1338,27261.571445054047
1339,23139.723757237196
1340,20170.56717400274
1341,27560.899166950552
1342,20246.7820105921
1343,33338.860525531396
1344,27063.20141478927
1345,42509.43518878493
1346,26347.06026482238
1347,25062.517687174273
1348,23891.259460564143
1349,18242.982849291016
1350,29487.206758084914
1351,12249.34147419249
1352,17645.9743766877
1353,7505.22555239436
1354,28436.72298095666
1355,24844.816373677484
1356,32078.232294876823
1357,21521.485045817528
1358,18638.12740022486
1359,14399.663221184288
1360,26962.061616358602
1361,15523.28734095744
1362,17807.482815089075
1363,22077.101169319743
1364,25697.538104193936
1365,21184.385666994123
1366,25781.46296966906
1367,11191.928055238888
1368,29439.41636688859
1369,25263.417870177655
1370,13563.180967611457
1371,28947.124131260007
1372,18510.374750483883
1373,25969.309000446527
1374,31807.357006879563
1375,3732.597741235444
1376,31746.2179507157
1377,22482.54913273922
1378,21181.686451520494
1379,43571.89314592217
1380,29612.28395147009
1381,40499.48683458278
1382,19190.5101759069
1383,27172.80752892796
1384,14150.359232090344
1385,18279.98202134472
1386,36083.65177956465
1387,24942.66250585213
1388,47715.80541985191
1389,35767.33763814128
1390,22078.330502205776
1391,50444.0624355793
1392,25057.657208230714
1393,19683.494817632352
1394,11668.535449067247
1395,28417.262858661976
1396,26276.535915395893
1397,25979.902343205184
1398,19363.003046747537
1399,35290.837554734455
1400,20568.78734562826
1401,15411.899394843553
1402,28490.061218534363
1403,27390.728968686737
1404,39210.980782914994
1405,18951.30480646254
1406,13370.271675267279
1407,28024.68977244698
1408,40990.27971529778
1409,21284.15655692292
1410,20619.451582001304
1411,45829.215876465285
1412,18317.395432175883
1413,43202.419900278204
1414,26466.00554450952
1415,23374.850300050144
1416,24676.409665528616
1417,28719.203523291264
1418,42966.29383541185
1419,23525.5733231336
1420,11444.505452451893
1421,26797.979194381798
1422,31843.665241100134
1423,20574.103175520162
1424,24146.50193071353
1425,11200.464729337677
1426,37222.039453739766
1427,35328.96063119891
1428,30625.231782510662
1429,21707.145890564527
1430,31061.308401690534
1431,27010.288825641142
1432,21374.585332910618
1433,16263.196398971946
1434,16249.188659771164
1435,31342.72953602698
1436,20528.614679321923
1437,21762.564119309962
1438,25152.483755180292
1439,25105.308612365854
1440,26646.231987704152
1441,20940.0342881634
1442,27924.843533467345
1443,11264.785008150295
1444,26347.06026482238
1445,22445.703556107153
1446,20883.33321222307
1447,36912.67961277042
1448,23693.546513446956
1449,23632.68180029648
1450,23756.972431307004
1451,18415.896349944192
1452,24904.952905436476
1453,40780.31944632629
1454,14555.314222764508
1455,43469.43660936777
1456,27003.270071692725
1457,20341.616431144845
1458,24664.901619025364
1459,37992.917661485764
1460,28071.207588528425
1461,27829.58680196073
1462,21318.765042773484
1463,20024.50439575182
1464,8576.78987325231
1465,26797.724655948143
1466,12010.542799804618
1467,28228.87104268134
1468,23890.736116015745
1469,29645.32605202012
1470,23463.661663919975
1471,35514.03467536652
1472,39406.12338294662
1473,29374.103191186423
1474,25908.51893466089
1475,16852.67990371747
1476,15973.581110159286
1477,18857.407143684937
1478,22859.848158424167
1479,32205.97592912234
1480,9359.904116464084
1481,24536.583773772243
1482,15766.031737630676
1483,21562.574011569806
1484,22595.09882056424
1485,9175.233735472124
1486,18829.985987760163
1487,17723.624010609983
1488,9502.549160386214
1489,9852.333541878845
1490,25676.943211964393
1491,29949.920297896646
1492,15503.38673858543
1493,20674.99003928899
1494,36194.220320554494
1495,11998.37514765616
1496,24625.564765363335
1497,14886.599412472766
1498,14016.525498062925
1499,19410.249450715288
1500,9849.82894505396
1501,22755.813202937745
1502,23011.807882708912
1503,8945.252054082699
1504,27836.35333796716
1505,31682.76587714545
1506,12158.051319567727
1507,25410.338524404135
1508,33451.589686334446
1509,24059.834251546963
1510,23106.252673760777
1511,40936.78368261757
1512,16922.83778801183
1513,4873.475072696034
1514,24089.048971170603
1515,18382.842968119254
1516,24383.955661679185
1517,23148.13676611973
1518,21395.846872132483
1519,31855.387259269373
1520,29407.934884146736
1521,25278.588119949993
1522,32972.06355710632
1523,25808.848637359813
1524,28104.628049685653
1525,18135.09608650058
1526,26138.821599488983
1527,24718.36135046056
1528,24268.803491713952
1529,34883.025049195945
1530,22926.332254941066
1531,25600.147490863226
1532,51958.65819103269
1533,39415.427936670894
1534,7155.159380972087
1535,15416.445435074207
1536,21390.17831748566
1537,22546.390058300683
1538,36410.44449514555
1539,27761.557319749732
1540,18645.714578192656
1541,41171.16264687489
1542,35366.264378667714
1543,23898.066637976284
1544,13239.2636290363
1545,12216.594275024825
1546,22118.9215303549
1547,24199.034972026388
1548,21056.138714086104
1549,21000.655798259708
1550,23706.139624388205
1551,20570.252473225115
1552,14596.009196571842
1553,29319.292278280773
1554,9815.389913445873
1555,26690.178814286017
1556,26253.08489430516
1557,19672.495754235366
1558,11316.536578404623
1559,27638.41692700764
1560,50121.06642227438
1561,21956.41450374126
1562,7513.380269365411
1563,11064.60139651876
1564,45267.74323714862
1565,16005.879391684979
1566,26290.422440091555
1567,18528.901545105095
1568,24713.65334380764
1569,13458.703933085475
1570,37009.986951888175
1571,27906.965947932276
1572,24813.96946718716
1573,48921.2395893256
1574,31697.63554035925
1575,29535.247886009452
1576,14530.794742038219
1577,35862.496077372496
1578,25366.61957438558
1579,23220.152763164282
1580,26347.06026482238
1581,22326.892911341492
1582,38784.04900582715
1583,25342.816480514455
1584,29106.81362990519
1585,14720.777043013608
1586,-6330.676595026212
1587,11727.971251991286
1588,6388.429528047855
1589,24699.275427026125
1590,21504.884171971404
1591,11460.75438580089
1592,26698.77112604346
1593,17937.382823951615
1594,20322.375991540634
1595,11621.03845112215
1596,20641.65981360921
1597,24801.432967691508
1598,35488.67872112914
1599,19022.127968457993
1600,19536.672884480024
1601,22590.989932534514
1602,11867.11443637529
1603,75294.50036649551
1604,42255.5331610617
1605,20843.635912206948
1606,32345.75578391658
1607,47892.52955031801
1608,21102.25148845574
1609,23880.477396724535
1610,16517.02419125884
1611,27057.51999763878
1612,21113.466481287385
1613,20488.035352713632
1614,18768.393221542865
1615,7967.792270747086
1616,24742.690337150267
1617,39705.8055736777
1618,24262.759490480035
1619,33576.48141301901
1620,3559.98946834002
1621,13998.24816845989
1622,6751.885112763663
1623,20808.91834920682
1624,12510.944639786037
1625,5067.092828815563
1626,35064.242166029835
1627,26770.13958732561
1628,25924.84063904163
1629,28274.884101898697
1630,13647.178280001703
1631,22793.53119771127
1632,25809.43046996426
1633,18294.358460207288
1634,24139.210344044448
1635,26537.385985050423
1636,22557.14042481412
1637,23515.067273783716
1638,50468.67285262786
1639,30373.19027086701
1640,16462.672424069962
1641,15096.448770561046
1642,27605.458862716172
1643,21507.60128847909
1644,18760.043608643966
1645,24374.323192961212
1646,15053.467567523454
1647,31573.272417118103
1648,43365.58658482451
1649,21364.34278703788
1650,2841.5318574304874
1651,22271.53517813223
1652,27350.10587232274
1653,19486.41396258378
1654,26276.31400252234
1655,22749.61140630063
1656,22756.166077206515
1657,25873.405591550276
1658,26459.753254548064
1659,21335.37660151564
1660,24795.837956315583
1661,20355.781509246986
1662,26524.871667207593
1663,20696.89161901772
1664,25764.579478731783
1665,15704.64823278328
1666,24160.17141137088
1667,34426.05863673168
1668,14900.210485353164
1669,17096.399044719365
1670,15056.433331129287
1671,27050.18395795885
1672,16450.07877822579
1673,37579.52444001649
1674,14697.610579234977
1675,23375.149832474664
1676,18877.078610232813
1677,30373.728969340948
1678,23814.944619417147
1679,20360.13090423218
1680,24167.984592182765
1681,21052.104739475086
1682,26934.115143457806
1683,18407.223640031778
1684,40880.74368225595
1685,22963.03618822703
1686,19021.251286683262
1687,14771.646487912614
1688,21725.99162804171
1689,21167.237119271333
1690,25584.97782141593
1691,12790.324772982618
1692,34033.63084134691
1693,34755.0950050656
1694,14626.262955902159
1695,12087.940845652454
1696,11390.887564739438
1697,20154.947979734694
1698,25945.852118727114
1699,23545.533559937605
1700,28624.66503594015
1701,26479.783145593516
1702,49978.63875441568
1703,27173.187659638617
1704,27928.58768877383
1705,25427.317281915868
1706,23859.059781132884
1707,33375.139499909135
1708,39794.017872698496
1709,16925.278535209174
1710,22190.97777873086
1711,25541.13960323302
1712,25097.344018675965
1713,11170.289164942638
1714,14084.454856586162
1715,50668.17497010129
1716,49424.67293412889
1717,11783.431147488795
1718,32918.370333124825
1719,25188.68453026021
1720,20565.488390163388
1721,21233.088718655996
1722,34974.712545600516
1723,43202.04383541734
1724,25450.45938400739
1725,18373.656525777988
1726,20206.54056191421
1727,9892.489046367486
1728,30848.596053175774
1729,24316.102572096166
1730,21886.270363637013
1731,18140.767956595373
1732,27017.03333036533
1733,39926.7923150246
1734,23978.94798822952
1735,28728.48991889522
1736,15155.433940489645
1737,26695.316140307616
1738,34600.06132719244
1739,34819.16929572795
1740,20303.68628429102
1741,37520.88446114547
1742,20035.51107546608
1743,27346.54078165756
1744,26468.02013447382
1745,27755.195345358537
1746,21207.22068266175
1747,25410.78782304091
1748,26281.325909137253
1749,18423.980371391477
1750,23458.291639145617
1751,10952.4405711972
1752,29885.90273003502
1753,15019.14554382718
1754,22116.770025097667
1755,13260.014350072906
1756,35862.496077372496
1757,23100.861138300002
1758,37473.36272217492
1759,22668.40937850786
1760,20645.46675586121
1761,-5701.129416791453
1762,27770.827570544603
1763,27644.570207101235
1764,40598.1206449977
1765,32540.307972208087
1766,-3727.783682555135
1767,21318.140769388883
1768,-1248.9083100981843
1769,33741.7777033623
1770,20670.78632294917
1771,19692.801268274787
1772,10983.003802106829
1773,21025.564832226046
1774,5267.733215253182
1775,24781.213638592617
1776,26965.26379727065
1777,31224.42599271491
1778,31740.94747292374
1779,21073.64924715474
1780,42519.25860979044
1781,25385.53250869549
1782,24858.013297388596
1783,31946.54698513439
1784,28622.764295622903
1785,16900.16024856567
1786,21932.614409417547
1787,21526.63049468444
1788,25233.163765988633
1789,15590.768941333843
1790,37707.32812022593
1791,62479.304760887135
1792,26173.1972289369
1793,23619.352607405388
1794,26456.173207865228
1795,13375.115575854034
1796,17151.266779530593
1797,17771.545959225805
1798,19769.61766635212
1799,43012.600473589155
1800,24966.7748660259
1801,20878.4803145826
1802,18107.742870441863
1803,11665.529114674122
1804,41815.807698455785
1805,16168.975953129408
1806,29101.24425960684
1807,25591.61081676444
1808,21413.66091516909
1809,24258.431565973373
1810,27630.22849803955
1811,28355.964161842123
1812,42484.06354990948
1813,26747.652600413858
1814,45267.74323714862
1815,35769.96507475116
1816,23009.464871821
1817,43078.18611394257
1818,20859.16933952773
1819,18772.779801659963
1820,21212.830294760057
1821,17980.674022797823
1822,64229.316864492306
1823,19074.545398585586
1824,23130.365924378413
1825,16730.50221365076
1826,35745.19318498867
1827,28585.0138875507
1828,19913.26628273449
1829,28157.13092868169
1830,23265.76171225722
1831,32316.79855906118
1832,34594.86544725268
1833,24898.631239447866
1834,32890.61025223898
1835,22669.24610159603
1836,30485.66818110179
1837,21678.941615037926
1838,53869.52143726025
1839,36581.518338603484
1840,25098.3927275214
1841,31078.27457459538
1842,27194.004287501673
1843,17402.473641483135
1844,25600.68156832366
1845,20846.22413444997
1846,36633.32959699108
1847,24923.301715715035
1848,34235.70667139384
1849,32709.01612907384
1850,28096.284723587803
1851,14394.986963315754
1852,22479.343884663
1853,22087.026329467604
1854,21671.537793380012
1855,22353.354824263566
1856,24290.675619246715
1857,20681.710179227986
1858,22001.719247251458
1859,2215.2697453637957
1860,27473.320039450347
1861,26966.108608042283
1862,21113.919187592594
1863,16880.26842591017
1864,17857.253548691417
1865,13326.23360949699
1866,31534.633624799044
1867,23343.349223502435
1868,22368.339802866198
1869,23604.4562736435
1870,13995.187863254672
1871,12686.077873002847
1872,54274.98554594387
1873,13191.98237378856
1874,11966.339736379068
1875,40647.69326125557
1876,31364.740309470755
1877,29221.357652282757
1878,25493.364181522265
1879,26493.222889970002
1880,27935.152108243838
1881,24153.660394015955
1882,21000.63639939893
1883,26837.31387565404
1884,26603.040738283013
1885,27940.757623511658
1886,11013.25696401341
1887,24730.606400352885
1888,21678.665504967736
1889,20725.734357397698
1890,26642.617799716805
1891,22293.236467077433
1892,14680.575535661694
1893,33887.819159176
1894,27330.355331387225
1895,19497.732459375737
1896,35157.695392035836
1897,26982.881533371463
1898,23099.280469492827
1899,29296.49917833476
1900,24721.413631322575
1901,13267.57173741152
1902,26506.534145324986
1903,17501.08070490691
1904,13114.97752706864
1905,23168.18980502616
1906,23095.29288686472
1907,23321.632866770182
1908,21046.821959775792
1909,2623.5977496799314
1910,21053.522161784138
1911,22016.12480094818
1912,28634.886036233085
1913,21034.97537229798
1914,21422.453865063035
1915,21183.80047699219
1916,11171.97398533862
1917,22457.63083596553
1918,21265.47310076414
1919,49341.03428228873
1920,14334.994885086788
1921,22778.265559356536
1922,34010.008099075036
1923,27228.91662014471
1924,18728.740711398757
1925,38409.783241390876
1926,14771.646487912614
1927,5046.081478618864
1928,25099.59631370121
1929,25035.046914321367
1930,24333.907208389974
1931,35044.2944513824
1932,23829.435295661322
1933,26347.06026482238
1934,26016.34844215606
1935,4235.834331842314
1936,22194.01193179624
1937,24739.010355331648
1938,23232.819915504475
1939,20275.750633563315
1940,19215.111606933395
1941,27260.79016736948
1942,21212.75084106888
1943,27852.481530189158
1944,18178.27914496709
1945,49960.91574438657
1946,17619.789950496943
1947,20553.896904779776
1948,19078.63481534912
1949,16373.726755180767
1950,22912.45608554097
1951,17801.930586598457
1952,19903.65963962736
1953,27364.93272733642
1954,24733.450420518013
1955,21130.949586236988
1956,12536.843374172931
1957,25995.872399014683
1958,42756.36261827726
1959,17359.34215354455
1960,27961.627509110185
1961,28408.930397173397
1962,29760.09817117821
1963,17441.055968957113
1964,32266.65055105794
1965,26823.88449289777
1966,22831.360389114037
1967,48692.573607105835
1968,35200.5294191859
1969,28423.439239078314
1970,38181.85505352633
1971,23270.33288275385
1972,31071.106826743653
1973,21529.072018419552
1974,25551.77300430344
1975,20943.26018140787
1976,17656.073445973023
1977,15307.898615343334
1978,37751.57437454602
1979,26914.738797237304
1980,14695.900789033403
1981,22731.86074929094
1982,67807.60176624975
1983,18758.239419194404
1984,28665.813143107203
1985,21545.22470028847
1986,13983.835579685881
1987,32306.725470756275
1988,25860.320074979292
1989,21787.097037279495
1990,25126.69854163843
1991,24217.73232288962
1992,35493.42402749418
1993,15911.633883163522
1994,34065.68320281818
1995,22271.455873349576
1996,10596.50338862813
1997,24909.360745208218
1998,25636.946697069943
1999,17854.83311184818
2000,31653.81744515703
2001,23834.879198343435
2002,20485.643600168347
2003,59166.51293906159
2004,10992.069152683674
2005,25762.68640652678
2006,25318.734059690683
2007,43386.448181994136
2008,43851.7236130564
2009,32578.498356334236
2010,31565.522267074753
2011,26616.898102256222
2012,20419.596658761955
2013,11182.124666909742
2014,46263.44617099619
2015,37660.282662805745
2016,16196.338423008729
2017,21820.434083887914
2018,30588.171589473044
2019,15538.631157353399
2020,21027.66146410779
2021,44429.58280895682
2022,45549.82003549129
2023,28106.84587615646
2024,62349.30768864596
2025,15386.873723340255
2026,21099.427484832162
2027,14277.969083335553
2028,20928.317827294537
2029,19374.243222853
2030,16834.01282400031
2031,18359.298349711502
2032,35172.655749397
2033,23002.776796509643
2034,17015.519120003635
2035,16509.76479129925
2036,41412.97822593069
2037,13574.75361220201
2038,22728.152184200728
2039,18457.42565138057
2040,37659.254056534526
2041,35306.73217209472
2042,26047.651148947254
2043,20849.607180386905
2044,27532.437006290646
2045,18145.907453285006
2046,40340.817391255725
2047,22331.236384516153
2048,9496.785934935186
2049,20178.771626246125
2050,22765.007227634094
2051,21214.338201552506
2052,25414.62972923591
2053,15386.814876106953
2054,26347.06026482238
2055,20406.04059976248
2056,21697.394303940335
2057,7482.447292768582
2058,34065.72202047941
2059,27521.394993585618
2060,36197.21105534358
2061,20127.79575179282
2062,34571.15644822637
2063,38595.343578380285
2064,23910.97690282332
2065,51530.82667086787
2066,67818.23516732015
2067,59723.19382670727
2068,27503.808433471233
2069,19250.770624493067
2070,26519.861800348273
2071,34841.688684168475
2072,40522.56064205975
2073,23160.990074274352
2074,20039.254972573293
2075,24978.510519136504
2076,19239.861688642282
2077,26116.244964605936
2078,8581.535318212475
2079,23532.191938603868
2080,22555.577048339313
2081,22384.97864370002
2082,18102.066995313253
2083,33804.844465001544
2084,17866.584076614286
2085,27397.49091374455
2086,25776.422322692553
2087,24639.952088919832
2088,21109.335971857967
2089,27307.46627912831
2090,25704.304376529602
2091,37897.83453551423
2092,18559.60489865664
2093,25003.108582020366
2094,22228.526805931644
2095,24722.10044215808
2096,21693.963727673294
2097,20036.795790192053
2098,28910.9282599827
2099,18705.174844235225
2100,24955.0328516453
2101,26314.867661182907
2102,9624.689836137586
2103,15876.129655376433
2104,45270.37121502502
2105,10259.391138425857
2106,19857.166936485068
2107,22358.07987370772
2108,20773.2899230394
2109,12678.058179489031
2110,17775.795716078905
2111,38080.98595711982
2112,29274.42853207734
2113,16677.631766711616
2114,30005.433023656547
2115,25282.22526911586
2116,39645.237108836416
2117,21564.655954767877
2118,30334.76757777451
2119,21739.92068041778
2120,23156.872128837225
2121,21043.745616666733
2122,32051.61366828624
2123,31888.97959256094
2124,5919.774866438012
2125,25475.691768475655
2126,17799.35744473165
2127,23092.388975693655
2128,20311.63875917885
2129,18461.554769647562
2130,27753.470430349356
2131,21974.5870813964
2132,19058.749502299466
2133,22559.176989681793
2134,25558.063185218332
2135,-11740.089799960224
2136,19883.98308220812
2137,24515.864389198443
2138,9440.626224377724
2139,25117.320271108496
2140,27821.157062720285
2141,20044.90097600749
2142,32801.64912215689
2143,19288.549551370124
2144,29010.972089771985
2145,18370.99261023551
2146,16310.360186202139
2147,40667.26343370134
2148,30580.87570625457
2149,23477.781130703792
2150,20373.92591974025
2151,22543.215868569954
2152,24774.624815697076
2153,20381.40784460096
2154,18835.954523949877
2155,8816.64889463909
2156,19081.201142137514
2157,39446.995265569014
2158,52397.94560001878
2159,39501.224927731346
2160,21049.759717020017
2161,19570.696991341654
2162,4977.481151908069
2163,25032.57612176215
2164,992.0132453822807
2165,26001.179015728703
2166,32804.02421861893
2167,62054.3962275166
2168,28393.71521984543
2169,30961.17928795906
2170,34844.41594093483
2171,26881.593734813414
2172,12907.030130869935
2173,24128.113975525506
2174,22390.063061086526
2175,21445.343212131564
2176,24307.759353062083
2177,17221.02321375129
2178,31768.77449118247
2179,44293.43130970456
2180,17083.103183728323
2181,23222.792855953696
2182,25295.852555430563
2183,29555.667291444115
2184,25117.320271108496
2185,34849.44771878904
2186,24320.724276150773
2187,25384.334378997417
2188,19066.458858239348
2189,36893.231724063444
2190,30247.371628980167
2191,46511.913359152895
2192,10130.731814283186
2193,19516.35572475085
2194,14565.296571539875
2195,13741.346129125537
2196,29015.69429935877
2197,-3181.4718514482884
2198,9211.269898108174
2199,28583.08501576384
2200,22067.599282130563
2201,47527.314752005375
2202,29085.821058081227
2203,25729.65198245852
2204,31833.86074898044
2205,25846.106186755274
2206,29551.24716860105
2207,20863.886812043704
2208,21385.753219709153
2209,23962.39846759188
2210,26879.399071742806
2211,35830.17715002627
2212,39561.13052219124
2213,23835.933949193273
2214,16515.089691731955
2215,14690.931705791849
2216,24028.064097696457
2217,20027.83098293611
2218,11412.385423333079
2219,14972.685987617762
2220,28415.119599831683
2221,13150.488133945546
2222,37883.77200873286
2223,20328.136636895797
2224,49208.19165201463
2225,34198.519474344284
2226,28548.343369658793
2227,39114.751310912834
2228,24078.167749668406
2229,26738.519579803142
2230,8315.085782616581
2231,14833.994367541094
2232,11353.161481324227
2233,26766.664314515634
2234,15123.419322439613
2235,21067.100471124708
2236,18606.518324886732
2237,36689.60715555527
2238,15419.516086412248
2239,22334.50521431569
2240,17956.15932820618
2241,24874.362745378116
2242,24667.163569061733
2243,23218.883300898622
2244,26967.557377389225
2245,37863.23854048231
2246,14168.595779195086
2247,19116.377323061024
2248,23210.487542382223
2249,15015.749193859287
2250,27811.48661627626
2251,28162.971897752217
2252,39001.95795422072
2253,28753.05157770576
2254,23428.363282296355
2255,14702.50645556183
2256,28069.837972435715
2257,19315.91491154307
2258,5017.033356518645
2259,14380.032867816237
2260,9750.71216113024
2261,26943.39793028078
2262,22256.251495571378
2263,14880.661047675567
2264,24802.63109738958
2265,23994.38269223946
2266,27183.626582658464
2267,31682.616110933188
2268,28118.086419514533
2269,11334.132510710562
2270,25925.673999628812
2271,26347.06026482238
2272,16138.08745118477
2273,25676.75613073136
2274,27347.01970021313
2275,18628.800758462014
2276,23270.33288275385
2277,13903.151009112324
2278,17986.666292395246
2279,13005.391977623272
2280,37109.611167098614
2281,26100.658592902037
2282,23946.5909389289
2283,23934.869139578353
2284,24717.2926976701
2285,17258.509676366986
2286,50538.56491551499
2287,18717.394254155763
2288,29727.43474934319
2289,16658.065931247
2290,21269.167217980055
2291,43199.646512084946
2292,30187.85840291148
2293,19220.0591330852
2294,20860.142707896368
2295,26244.24868778186
2296,22623.51707547882
2297,26035.17594591159
2298,27945.90516311972
2299,19374.343962826024
2300,10167.304841441357
2301,20001.394513107763
2302,26495.478581171454
2303,25236.349166880354
2304,31911.43249361143
2305,24724.41568269036
2306,24422.742762706534
2307,36539.06782944085
2308,22808.085415376532
2309,26105.573500367398
2310,20367.146325216134
2311,21218.600080687196
2312,28794.477415484773
2313,15789.377859954586
2314,25536.896008650114
2315,25956.86579217761
2316,23592.326157098876
2317,24050.938578594665
2318,32160.799499898865
2319,22225.84391959594
2320,22911.696739183943
2321,27645.353995033878
2322,7154.378562565893
2323,24111.83155394571
2324,20489.021143473678
2325,31843.836860745956
2326,26980.737201244272
2327,24978.510519136504
2328,23969.34140655525
2329,25464.992502246765
2330,22872.34362645014
2331,27317.366880629637
2332,20909.951257384586
2333,37458.68238580804
2334,8110.1407198119305
2335,22511.391340841437
2336,25905.848571878276
2337,21994.033076775362
2338,15584.738854648222
2339,48697.36612589814
2340,28591.022625013593
2341,22063.675607866488
2342,21549.12164965755
2343,57740.307039466614
2344,18099.27440490948
2345,56650.125283820074
2346,25188.68453026021
2347,24546.123787303823
2348,24761.010012002385
2349,43349.72421738509
2350,24244.49599126282
2351,21873.698565376006
2352,28891.374000772066
2353,26326.66649283041
2354,36398.963767379915
2355,53250.95546590982
2356,15255.074358659327
2357,15540.813254931849
2358,26278.139781185513
2359,25287.12479404878
2360,21097.699688716595
2361,20353.54885128096
2362,11072.607881795422
2363,10963.52932077759
2364,19172.351548985178
2365,16556.832880963222
2366,19018.83712707113
2367,26369.520615501897
2368,20388.408402791392
2369,44056.82338596353
2370,20284.5310747599
2371,20364.648019640255
2372,28847.964906360412
2373,19151.394864335438
2374,23322.665789100065
2375,26900.668027928186
2376,26309.351664124064
2377,28611.957554143228
2378,24176.57087824543
2379,17577.751767129495
2380,14727.070368651017
2381,27125.96477091824
2382,21811.424071508707
2383,21251.494804933445
2384,20707.480552803183
2385,17337.51333921597
2386,33273.92235209806
2387,14139.849510512773
2388,27379.162931009865
2389,26994.60958170872
2390,12670.806728786862
2391,28185.17414075531
2392,24530.085101332195
2393,28598.41834759047
2394,19996.136224831123
2395,18283.565766679858
2396,24872.792578493903
2397,25837.815156526634
2398,26832.517146706887
2399,23718.137392963246
2400,29822.041354076344
2401,16191.799672295625
2402,21399.69286205715
2403,20033.955353849175
2404,18003.082950070944
2405,50489.74113031842
2406,15701.021864214335
2407,27583.11590863618
2408,12310.495009687667
2409,19906.561201882658
2410,15958.561955553821
2411,24320.90913025444
2412,27238.63549439598
2413,32531.32110902865
2414,18644.873391416484
2415,51801.6752586754
2416,27043.340353609707
2417,17829.687751841488
2418,48305.737099940314
2419,19292.762046518154
2420,16410.08392133073
2421,12132.511174646905
2422,21705.427447598642
2423,24878.97558267039
2424,27163.35491974278
2425,27116.77341757525
2426,25977.951139554687
2427,29026.163591805536
2428,13134.240124746451
2429,21273.14602865652
2430,26818.27418416056
2431,48186.92162567648
2432,26347.06026482238
2433,28866.597461153913
2434,28327.15250997723
2435,20931.25927818376
2436,18804.91517138054
2437,50286.29686455473
2438,28044.720674338016
2439,35074.24680339041
2440,25882.279166123168
2441,24493.41859274404
2442,24417.187590704
2443,35030.06666121776
2444,25112.95531292424
2445,28062.42431456436
2446,21064.891886885216
2447,16017.28683473971
2448,22283.715452470573
2449,20756.41634239071
2450,26702.558916336602
2451,23369.555820298094
2452,20859.558320249802
2453,8002.571054262855
2454,2430.1086994284233
2455,53815.305044513065
2456,34244.2639169296
2457,26713.66081687975
2458,48369.04476779839
2459,10418.06446567343
2460,32532.896028001214
2461,35964.33007518017
2462,4984.781877235717
2463,36098.02863956789
2464,32414.46552831509
2465,26292.46399477323
2466,-3612.487404903557
2467,4987.655524313654
2468,46732.903796059756
2469,14181.975152741841
2470,13589.64978325587
2471,37087.77966790488
2472,21096.709084705333
2473,28330.81341069648
2474,31106.6677413747
2475,26383.23380505871
2476,26900.94401164975
2477,31896.169261193263
2478,21407.73931743433
2479,18783.377052729535
2480,25532.81138547726
2481,14159.310274035
2482,17746.276117860012
2483,18573.107252259775
2484,17511.85546404354
2485,4305.244581496681
2486,20289.846014207928
2487,21513.8318083861
2488,41128.48030589744
2489,20009.40884838433
2490,25368.85195429566
2491,17414.01499622329
2492,26434.79187344782
2493,31157.325857241045
2494,14252.206875948043
2495,28355.0702073462
2496,17036.849957903403
2497,20768.260306821467
2498,19445.44434568051
2499,19244.97668140439
2500,25927.94244748998
2501,22740.10693858869
2502,26090.182537376022
2503,36702.29163103318
2504,34609.85372258691
2505,25685.064933214315
2506,21036.940567794325
2507,6498.036738450719
2508,20032.93579026078
2509,20259.65392616798
2510,35977.503872400055
2511,24997.598759242122
2512,23021.116876893095
2513,19581.89823701492
2514,12516.674457973779
2515,6670.999661064427
2516,19933.174492329563
2517,20574.103175520162
2518,58784.3134845755
2519,22883.101907938122
2520,53154.20649279024
2521,22468.368042663773
2522,-116.50034029427843
2523,37618.01435656715
2524,21348.77542724095
2525,20371.994542719396
2526,20341.767087800974
2527,26283.369637998385
2528,15185.211512666816
2529,25089.91348109932
2530,28191.706348144136
2531,21102.985557984233
2532,20828.75027283575
2533,31896.169261193263
2534,21516.08994853656
2535,23593.701708051412
2536,40122.78437969304
2537,31511.448437477746
2538,15123.480000273814
2539,19216.21620137646
2540,38830.77606405209
2541,19692.797323358885
2542,35342.05759932717
2543,25564.99664095143
2544,20599.349347551888
2545,29472.81512266631
2546,28457.86237334246
2547,16212.326752769528
2548,23140.689277728583
2549,23307.90480317019
2550,43386.14759583704
2551,42345.06447740368
2552,20867.86249283188
2553,23533.540724958075
2554,12850.139557375092
2555,26925.025936368642
2556,25236.349166880354
2557,19565.275303008362
2558,18432.676780480775
2559,26176.44787563744
2560,12868.759057257168
2561,14086.92296200146
2562,12646.359048908944
2563,27365.855286086473
2564,22311.9000098995
2565,31582.523480716165
2566,18946.76922999841
2567,29026.163591805536
2568,24103.64088623794
2569,21033.584075652132
2570,25356.927162153945
2571,13046.163832502796
2572,25475.451816625777
2573,25641.226008384398
2574,26382.937530070376
2575,12113.123858272425
2576,28194.46518121792
2577,25136.214340645663
2578,15850.279100241665
2579,29915.37580797736
2580,27426.278857097153
2581,16385.46971509626
2582,37831.32885078698
2583,69398.34470123544
2584,28937.282601025006
2585,23097.557499041744
2586,26026.11127195046
2587,31789.11938504921
2588,26214.89540062288
2589,38811.85105270128
2590,19976.511103002485
2591,13136.075599233438
2592,16271.440096943932
2593,26735.524255557953
2594,24202.962465202978
2595,27890.648585208655
2596,20578.671025193515
2597,7307.345641321936
2598,9944.766740053801
2599,5192.701878927688
2600,8266.713070589205
2601,15561.96279000553
2602,21435.374712811656
2603,19127.01517480773
2604,24951.662996235984
2605,25121.634384506222
2606,20265.338332036437
2607,11060.604897104968
2608,21395.869433551517
2609,25857.443125187787
2610,25680.97885391808
2611,15552.444676191239
2612,49606.991097210455
2613,16787.96253274557
2614,18860.609693924136
2615,23922.79727688573
2616,49927.22064566717
2617,19299.527796651557
2618,24148.34893816073
2619,37048.77551041949
2620,20112.883038153755
2621,21006.6837244464
2622,25924.968910526055
2623,19585.920821429943
